State,year,demvote,repvote,wallacevote,dempercent,reppercent,population
"Alabama",1964,210732,479085,0,30.54897,69.45103,1919000
"Alabama",1968,196579,146923,691425,18.99448,81.00552,1993000
"Alabama",1972,256923,728701,0,26.06704,73.93296,3540080
"Alabama",1976,659170,504070,0,56.66673,43.33327,3737204
"Alabama",1980,636730,654192,0,49.32366,50.67634,3894025
"Alabama",1984,551899,872849,0,38.7366,61.2634,3951766
"Alabama",1988,549506,815576,0,40.25443,59.74557,4023902
"Alabama",1992,690080,804283,0,46.17887,53.82113,4154014
"Alabama",1996,662165,769044,0,46.26613,53.73387,4331102
"Alabama",2000,695602,944409,0,42.41447,57.58553,4447100
"Alabama",2004,693933,1176394,0,37.10223,62.89777,4530182
"Alaska",1964,44329,22930,0,65.90791,34.09209,153000
"Alaska",1968,35411,37600,10024,42.64587,57.35413,166000
"Alaska",1972,32967,55349,0,37.32846,62.67154,326494
"Alaska",1976,44058,71555,0,38.10817,61.89183,393115
"Alaska",1980,41842,86112,0,32.70081,67.29919,401851
"Alaska",1984,62007,138377,0,30.94409,69.05592,513697
"Alaska",1988,72584,119251,0,37.83668,62.16332,541999
"Alaska",1992,78294,102000,0,43.42574,56.57426,588736
"Alaska",1996,80380,122746,0,39.5715,60.4285,608569
"Alaska",2000,79004,167398,0,32.06305,67.93695,626932
"Alaska",2004,111025,190889,0,36.77372,63.22628,655435
"Arizona",1964,237753,242535,0,49.50217,50.49783,878000
"Arizona",1968,170514,266721,46573,35.24415,64.75585,975000
"Arizona",1972,198540,402812,0,33.01561,66.9844,2008847
"Arizona",1976,295602,418642,0,41.3867,58.6133,2347976
"Arizona",1980,246843,529688,0,31.78791,68.21209,2716546
"Arizona",1984,333854,681416,0,32.88327,67.11673,3067125
"Arizona",1988,454029,702541,0,39.25651,60.74349,3535200
"Arizona",1992,543050,572086,0,48.6981,51.3019,3915740
"Arizona",1996,653288,622073,0,51.22377,48.77623,4586940
"Arizona",2000,685341,781652,0,46.7174,53.2826,5130632
"Arizona",2004,893524,1104294,0,44.72499,55.27501,5743834
"Arkansas",1964,314197,243264,0,56.36215,43.63785,1108000
"Arkansas",1968,184901,189062,235627,30.33203,69.66798,1143000
"Arkansas",1972,198899,445751,0,30.8538,69.1462,2018116
"Arkansas",1976,499614,268753,0,65.02283,34.97717,2168688
"Arkansas",1980,398041,403164,0,49.68029,50.31971,2286357
"Arkansas",1984,338646,534774,0,38.77241,61.22759,2319782
"Arkansas",1988,349237,466578,0,42.80836,57.19164,2342643
"Arkansas",1992,505823,337324,0,59.99227,40.00773,2415984
"Arkansas",1996,475171,325416,0,59.35283,40.64717,2572109
"Arkansas",2000,422768,472940,0,47.19931,52.80069,2673400
"Arkansas",2004,469953,572898,0,45.06425,54.93575,2752629
"California",1964,4171877,2879108,0,59.16729,40.83271,10789000
"California",1968,3244318,3467664,487270,45.06466,54.93534,11771000
"California",1972,3475847,4602096,0,43.02886,56.97114,20584794
"California",1976,3742284,3882244,0,49.08217,50.91783,21934505
"California",1980,3083661,4524858,0,40.52906,59.47094,23667765
"California",1984,3922519,5467009,0,41.77547,58.22453,25844380
"California",1988,4702233,5054917,0,48.19269,51.80731,28464230
"California",1992,5121325,3630574,0,58.51673,41.48327,30974659
"California",1996,5119835,3828380,0,57.21627,42.78373,32018834
"California",2000,5861203,4567429,0,56.20299,43.79701,33871648
"California",2004,6745485,5509826,0,55.04132,44.95868,35893799
"Colorado",1964,476024,296767,0,61.59803,38.40197,1142000
"Colorado",1968,335174,409345,60813,41.61936,58.38064,1251000
"Colorado",1972,329980,597189,0,35.59006,64.40994,2404576
"Colorado",1976,460353,584367,0,44.06472,55.93528,2632244
"Colorado",1980,367973,652264,0,36.06741,63.93259,2889735
"Colorado",1984,454974,821818,0,35.63415,64.36584,3170024
"Colorado",1988,621453,728177,0,46.04618,53.95382,3262279
"Colorado",1992,629681,562850,0,52.80207,47.19793,3495939
"Colorado",1996,671152,691848,0,49.24079,50.75921,3919972
"Colorado",2000,738227,883745,0,45.51416,54.48584,4301261
"Colorado",2004,1001732,1101255,0,47.63377,52.36623,4601403
"Connecticut",1964,826269,390996,0,67.87914,32.12086,1724000
"Connecticut",1968,621561,556721,76650,49.52946,50.47054,1826000
"Connecticut",1972,555498,810763,0,40.65826,59.34174,3069617
"Connecticut",1976,647895,719261,0,47.38998,52.61002,3085984
"Connecticut",1980,541732,677210,0,44.4428,55.5572,3107564
"Connecticut",1984,569597,890877,0,39.00083,60.99917,3180017
"Connecticut",1988,676584,750241,0,47.41885,52.58115,3271957
"Connecticut",1992,682318,578313,0,54.12512,45.87488,3300712
"Connecticut",1996,735740,483109,0,60.36351,39.63649,3336685
"Connecticut",2000,816015,561094,0,59.25566,40.74434,3405565
"Connecticut",2004,857488,693826,0,55.27495,44.72505,3503604
"D. C.",1964,169796,28801,0,85.49776,14.50223,513000
"D. C.",1968,139566,31012,0,81.81946,18.18054,495000
"D. C.",1972,127627,35226,0,78.36945,21.63055,743775
"D. C.",1976,137818,27873,0,83.17772,16.82228,696305
"D. C.",1980,130231,23313,0,84.81673,15.18327,638432
"D. C.",1984,180408,29009,0,86.14774,13.85227,633385
"D. C.",1988,159407,27590,0,85.24575,14.75425,630427
"D. C.",1992,192619,20698,0,90.29707,9.70293,597565
"D. C.",1996,158220,17339,0,90.12355,9.876451,572377
"D. C.",2000,171923,18073,0,90.48769,9.512305,572059
"D. C.",2004,202970,21256,0,90.52028,9.479721,553523
"Delaware",1964,122704,78078,0,61.11305,38.88695,292000
"Delaware",1968,89194,96714,28459,41.60808,58.39192,314000
"Delaware",1972,92283,140357,0,39.66773,60.33227,573821
"Delaware",1976,122596,109831,0,52.74603,47.25397,592755
"Delaware",1980,105754,111252,0,48.73322,51.26678,594338
"Delaware",1984,101656,152190,0,40.04633,59.95367,611567
"Delaware",1988,108647,139639,0,43.75881,56.24119,647621
"Delaware",1992,126054,102313,0,55.19799,44.80201,694925
"Delaware",1996,140355,99062,0,58.62366,41.37634,740977
"Delaware",2000,180068,137288,0,56.74007,43.25993,783600
"Delaware",2004,200152,171660,0,53.8315,46.1685,830364
"Florida",1964,948540,905941,0,51.14854,48.85146,3623000
"Florida",1968,676794,886804,624207,30.93484,69.06516,4124000
"Florida",1972,718117,1857759,0,27.87856,72.12144,7520324
"Florida",1976,1636000,1469531,0,52.6802,47.3198,8695356
"Florida",1980,1419475,2046951,0,40.94924,59.05076,9746961
"Florida",1984,1448816,2730350,0,34.66759,65.33241,11039982
"Florida",1988,1656701,2618885,0,38.74793,61.25207,12306421
"Florida",1992,2072698,2173310,0,48.81522,51.18478,13650553
"Florida",1996,2546870,2244536,0,53.15496,46.84504,14853360
"Florida",2000,2912253,2912790,0,49.99539,50.00461,15982378
"Florida",2004,3583544,3964522,0,47.47632,52.52368,17397161
"Georgia",1964,522557,616584,0,45.8729,54.1271,2634000
"Georgia",1968,334440,380111,535550,26.75304,73.24696,2851000
"Georgia",1972,289529,881496,0,24.72441,75.27559,4807151
"Georgia",1976,979409,483743,0,66.93829,33.06171,5126155
"Georgia",1980,890733,654168,0,57.65631,42.34369,5462982
"Georgia",1984,706628,1068722,0,39.80218,60.19782,5835018
"Georgia",1988,714792,1081331,0,39.79638,60.20362,6316185
"Georgia",1992,1008966,995252,0,50.34213,49.65787,6817203
"Georgia",1996,1053849,1080843,0,49.36773,50.63227,7501069
"Georgia",2000,1116230,1419720,0,44.01625,55.98375,8186453
"Georgia",2004,1366149,1914254,0,41.64577,58.35423,8829383
"Hawaii",1964,163249,44022,0,78.76114,21.23886,404000
"Hawaii",1968,141324,91425,3469,59.82779,40.17221,439000
"Hawaii",1972,101409,168865,0,37.52081,62.47919,827612
"Hawaii",1976,147375,140003,0,51.28263,48.71737,902070
"Hawaii",1980,135879,130112,0,51.08406,48.91594,964691
"Hawaii",1984,147154,185050,0,44.29628,55.70372,1027923
"Hawaii",1988,192364,158625,0,54.80627,45.19373,1079830
"Hawaii",1992,179310,136822,0,56.71998,43.28002,1158613
"Hawaii",1996,205012,113943,0,64.27615,35.72385,1203755
"Hawaii",2000,205286,137845,0,59.8273,40.1727,1211537
"Hawaii",2004,231708,194191,0,54.40445,45.59555,1262840
"Idaho",1964,148920,143557,0,50.91682,49.08318,379000
"Idaho",1968,89273,165369,36541,30.65873,69.34127,397000
"Idaho",1972,80826,199384,0,28.8448,71.1552,763229
"Idaho",1976,126549,204151,0,38.26701,61.73299,856979
"Idaho",1980,110192,290699,0,27.48677,72.51323,944127
"Idaho",1984,108510,297523,0,26.72443,73.27557,990811
"Idaho",1988,147272,253881,0,36.71218,63.28782,985680
"Idaho",1992,137013,202645,0,40.33852,59.66148,1071685
"Idaho",1996,165443,256595,0,39.20097,60.79903,1203083
"Idaho",2000,138637,336937,0,29.15151,70.84849,1293953
"Idaho",2004,181098,409235,0,30.67726,69.32274,1393262
"Illinois",1964,2796833,1905946,0,59.47192,40.52808,6422000
"Illinois",1968,2039814,2174774,390958,44.29038,55.70962,6667000
"Illinois",1972,1913472,2788179,0,40.69787,59.30213,11258111
"Illinois",1976,2271295,2364269,0,48.99717,51.00283,11360274
"Illinois",1980,1981413,2358049,0,45.66034,54.33966,11427409
"Illinois",1984,2086499,2707103,0,43.52674,56.47326,11412194
"Illinois",1988,2215940,2310939,0,48.95072,51.04928,11390222
"Illinois",1992,2453350,1734096,0,58.58822,41.41178,11694184
"Illinois",1996,2341744,1587021,0,59.60509,40.39491,12101997
"Illinois",2000,2589026,2019421,0,56.18001,43.81999,12419293
"Illinois",2004,2891550,2345946,0,55.20863,44.79137,12713634
"Indiana",1964,1170848,911118,0,56.23761,43.76239,2845000
"Indiana",1968,806659,1067885,243108,38.09214,61.90786,3044186
"Indiana",1972,708568,1405154,0,33.52229,66.47771,5296129
"Indiana",1976,1014714,1183958,0,46.15122,53.84878,5371552
"Indiana",1980,844197,1255656,0,40.20267,59.79733,5490214
"Indiana",1984,841481,1377230,0,37.92657,62.07343,5458334
"Indiana",1988,860643,1297763,0,39.87401,60.12599,5491729
"Indiana",1992,848420,989375,0,46.1651,53.8349,5674547
"Indiana",1996,887424,1006693,0,46.85159,53.14841,5906013
"Indiana",2000,901980,1245836,0,41.99522,58.00478,6080485
"Indiana",2004,969011,1479438,0,39.57652,60.42348,6237569
"Iowa",1964,733030,449148,0,62.00674,37.99326,1625000
"Iowa",1968,476699,619106,66422,41.016,58.984,1673000
"Iowa",1972,496206,706207,0,41.26752,58.73248,2860506
"Iowa",1976,619931,632863,0,49.48388,50.51612,2903770
"Iowa",1980,508672,676026,0,42.93685,57.06315,2913808
"Iowa",1984,605620,703088,0,46.27618,53.72382,2858631
"Iowa",1988,670557,545355,0,55.14848,44.85152,2768370
"Iowa",1992,586353,504891,0,53.73253,46.26747,2818401
"Iowa",1996,620258,492644,0,55.73339,44.26661,2880000
"Iowa",2000,638517,634373,0,50.16278,49.83722,2926324
"Iowa",2004,741898,751957,0,49.66332,50.33668,2954451
"Kansas",1964,464028,386579,0,54.55257,45.44743,1318000
"Kansas",1968,302996,478674,88921,34.80349,65.19652,1346000
"Kansas",1972,270287,619812,0,30.36595,69.63405,2255525
"Kansas",1976,430421,502752,0,46.12446,53.87554,2298645
"Kansas",1980,326150,566812,0,36.52451,63.47549,2364236
"Kansas",1984,333149,677296,0,32.97052,67.02948,2424119
"Kansas",1988,422636,554049,0,43.2725,56.7275,2462057
"Kansas",1992,390434,449951,0,46.45895,53.54105,2532394
"Kansas",1996,387659,583245,0,39.92764,60.07236,2614554
"Kansas",2000,399276,622332,0,39.08309,60.91691,2688418
"Kansas",2004,434993,736456,0,37.1329,62.8671,2735502
"Kentucky",1964,669659,372977,0,64.22749,35.7725,1964000
"Kentucky",1968,397541,462411,193098,37.75139,62.24861,2063000
"Kentucky",1972,371159,676446,0,35.42929,64.57071,3336106
"Kentucky",1976,615717,531852,0,53.65403,46.34597,3530443
"Kentucky",1980,616417,635274,0,49.24674,50.75326,3660324
"Kentucky",1984,539589,822782,0,39.60661,60.39339,3695426
"Kentucky",1988,580368,734281,0,44.14623,55.85377,3679990
"Kentucky",1992,665104,617178,0,51.86878,48.13122,3765469
"Kentucky",1996,636614,623283,0,50.52905,49.47095,3919535
"Kentucky",2000,638898,872492,0,42.27221,57.72779,4041769
"Kentucky",2004,712733,1069439,0,39.99238,60.00762,4145922
"Louisiana",1964,387068,509225,0,43.18543,56.81457,1894000
"Louisiana",1968,309615,257535,530300,28.21222,71.78778,2002000
"Louisiana",1972,298142,686852,0,30.26841,69.73159,3761967
"Louisiana",1976,661365,587446,0,52.95958,47.04042,3951636
"Louisiana",1980,708453,792853,0,47.18911,52.81089,4206116
"Louisiana",1984,651586,1037299,0,38.58084,61.41916,4400521
"Louisiana",1988,717460,883702,0,44.80871,55.19129,4288939
"Louisiana",1992,815971,733386,0,52.66514,47.33486,4293003
"Louisiana",1996,927837,712586,0,56.56084,43.43916,4398877
"Louisiana",2000,792344,927871,0,46.06075,53.93925,4468976
"Louisiana",2004,820299,1102169,0,42.66906,57.33094,4515770
"Maine",1964,262264,118701,0,68.84202,31.15798,585000
"Maine",1968,217312,169254,6370,55.30468,44.69532,592000
"Maine",1972,160584,256458,0,38.50547,61.49453,1034817
"Maine",1976,232279,236320,0,49.56882,50.43118,1089960
"Maine",1980,220974,238522,0,48.09052,51.90948,1125043
"Maine",1984,214515,336500,0,38.93088,61.06912,1155646
"Maine",1988,243569,307131,0,44.22898,55.77102,1203850
"Maine",1992,263420,206504,0,56.05587,43.94413,1238508
"Maine",1996,312788,186378,0,62.66212,37.33788,1249060
"Maine",2000,319951,286616,0,52.74784,47.25216,1274923
"Maine",2004,396842,330201,0,54.58302,45.41698,1317253
"Maryland",1964,730912,385495,0,65.47003,34.52997,2065000
"Maryland",1968,538310,517995,178734,43.58648,56.41352,2271000
"Maryland",1972,505781,829305,0,37.88378,62.11622,4081121
"Maryland",1976,759612,672661,0,53.03542,46.96458,4172132
"Maryland",1980,726161,680606,0,51.61914,48.38086,4216933
"Maryland",1984,787935,879918,0,47.24247,52.75753,4365282
"Maryland",1988,826304,876167,0,48.53557,51.46443,4657894
"Maryland",1992,988571,707094,0,58.2999,41.7001,4923368
"Maryland",1996,966207,681530,0,58.63842,41.36158,5111986
"Maryland",2000,1145782,813797,0,58.47083,41.52917,5296486
"Maryland",2004,1334493,1024703,0,56.56559,43.43441,5558058
"Massachusetts",1964,1786422,549727,0,76.46867,23.53133,3349000
"Massachusetts",1968,1469218,766844,87088,63.24249,36.75751,3459000
"Massachusetts",1972,1332540,1112078,0,54.50913,45.49087,5762122
"Massachusetts",1976,1429475,1030276,0,58.11462,41.88538,5748868
"Massachusetts",1980,1053802,1057631,0,49.90933,50.09067,5737093
"Massachusetts",1984,1239606,1310936,0,48.60167,51.39833,5840782
"Massachusetts",1988,1401406,1194644,0,53.98224,46.01776,5979997
"Massachusetts",1992,1318662,805049,0,62.09235,37.90765,6028709
"Massachusetts",1996,1571763,718107,0,68.63984,31.36016,6179756
"Massachusetts",2000,1616487,878502,0,64.78934,35.21066,6349097
"Massachusetts",2004,1803800,1071109,0,62.74286,37.25714,6416505
"Michigan",1964,2136615,1060152,0,66.83675,33.16325,4719000
"Michigan",1968,1593082,1370665,331968,48.33798,51.66202,5032000
"Michigan",1972,1459435,1961721,0,42.65912,57.34088,9024681
"Michigan",1976,1696714,1893742,0,47.25623,52.74377,9117481
"Michigan",1980,1661532,1915225,0,46.45359,53.54641,9262044
"Michigan",1984,1529638,2251571,0,40.45367,59.54633,9049453
"Michigan",1988,1675783,1965486,0,46.02195,53.97805,9218025
"Michigan",1992,1871182,1554940,0,54.61516,45.38484,9479065
"Michigan",1996,1989653,1481212,0,57.32441,42.67559,9758645
"Michigan",2000,2170418,1953139,0,52.63461,47.36539,9938444
"Michigan",2004,2479183,2313746,0,51.72585,48.27415,10112620
"Minnesota",1964,991117,559624,0,63.91248,36.08752,2050000
"Minnesota",1968,857738,658643,68931,54.10531,45.89469,2154000
"Minnesota",1972,802346,898269,0,47.17976,52.82024,3866878
"Minnesota",1976,1070440,819395,0,56.64198,43.35802,3956602
"Minnesota",1980,954174,873241,0,52.21441,47.78559,4075970
"Minnesota",1984,1036364,1032603,0,50.09089,49.90911,4157708
"Minnesota",1988,1109471,962337,0,53.55086,46.44914,4296162
"Minnesota",1992,1020997,747841,0,57.72134,42.27866,4495572
"Minnesota",1996,1120438,766476,0,59.37939,40.62061,4712827
"Minnesota",2000,1168266,1109659,0,51.28641,48.71359,4919479
"Minnesota",2004,1445014,1346695,0,51.76091,48.23909,5100958
"Mississippi",1964,52618,356528,0,12.86045,87.13956,1207000
"Mississippi",1968,150644,88516,415349,23.01634,76.98367,1229000
"Mississippi",1972,126782,505125,0,20.06339,79.93661,2307291
"Mississippi",1976,381309,366846,0,50.96658,49.03342,2430324
"Mississippi",1980,429281,441089,0,49.32167,50.67833,2520770
"Mississippi",1984,352192,581477,0,37.72129,62.27871,2578030
"Mississippi",1988,363921,557890,0,39.47892,60.52108,2580377
"Mississippi",1992,400258,487793,0,45.07151,54.92849,2623734
"Mississippi",1996,394022,439838,0,47.25278,52.74722,2748085
"Mississippi",2000,404964,573230,0,41.39915,58.60085,2844658
"Mississippi",2004,458094,684981,0,40.07558,59.92442,2902966
"Missouri",1964,1164344,653535,0,64.04959,35.95041,2709000
"Missouri",1968,791444,811932,206126,43.73822,56.26178,2813000
"Missouri",1972,698531,1154058,0,37.70567,62.29433,4753234
"Missouri",1976,998387,927443,0,51.84191,48.15809,4823554
"Missouri",1980,931182,1074181,0,46.43459,53.56541,4916766
"Missouri",1984,848583,1274188,0,39.97525,60.02475,4975276
"Missouri",1988,1001619,1084953,0,48.00309,51.99691,5081731
"Missouri",1992,1053873,811159,0,56.50697,43.49303,5217101
"Missouri",1996,1025935,890016,0,53.54704,46.45296,5431553
"Missouri",2000,1111138,1189924,0,48.28805,51.71195,5595211
"Missouri",2004,1259171,1455713,0,46.38029,53.61971,5754618
"Montana",1964,164246,113032,0,59.23513,40.76487,402000
"Montana",1968,114117,138835,20015,41.80615,58.19385,403000
"Montana",1972,120197,183976,0,39.516,60.484,719138
"Montana",1976,149259,173703,0,46.21565,53.78435,758521
"Montana",1980,118032,206814,0,36.33475,63.66525,786690
"Montana",1984,146742,232450,0,38.6986,61.3014,820868
"Montana",1988,168936,190412,0,47.01181,52.98819,800194
"Montana",1992,154507,144207,0,51.72406,48.27594,825770
"Montana",1996,167922,179652,0,48.31259,51.68741,886254
"Montana",2000,137126,240178,0,36.34364,63.65636,902195
"Montana",2004,173710,266063,0,39.49992,60.50008,926865
"Nebraska",1964,307307,276847,0,52.60719,47.39281,879000
"Nebraska",1968,170784,321163,44904,31.81218,68.18782,881000
"Nebraska",1972,169991,406298,0,29.49753,70.50247,1518293
"Nebraska",1976,233692,359705,0,39.38206,60.61794,1548901
"Nebraska",1980,166851,419937,0,28.43463,71.56537,1569825
"Nebraska",1984,187866,460054,0,28.99525,71.00475,1588598
"Nebraska",1988,259646,398447,0,39.4543,60.5457,1571465
"Nebraska",1992,217344,344346,0,38.69465,61.30535,1611687
"Nebraska",1996,236761,363467,0,39.44518,60.55482,1673740
"Nebraska",2000,231780,433862,0,34.82052,65.17948,1711263
"Nebraska",2004,254328,512814,0,33.15266,66.84734,1747214
"Nevada",1964,79339,56094,0,58.58173,41.41827,260000
"Nevada",1968,60598,73188,20432,39.29373,60.70627,284000
"Nevada",1972,66016,115750,0,36.31923,63.68077,546736
"Nevada",1976,92479,101273,0,47.7306,52.2694,646823
"Nevada",1980,66666,155017,0,30.07267,69.92733,800508
"Nevada",1984,91655,188770,0,32.68432,67.31568,924917
"Nevada",1988,132738,206040,0,39.18141,60.81859,1075033
"Nevada",1992,189148,175828,0,51.82478,48.17522,1351367
"Nevada",1996,203974,199244,0,50.58653,49.41347,1666320
"Nevada",2000,279978,301575,0,48.14316,51.85684,1998257
"Nevada",2004,397190,418690,0,48.6824,51.3176,2334771
"New Hampshire",1964,182065,104029,0,63.63818,36.36182,398000
"New Hampshire",1968,130589,154903,11173,44.01901,55.98099,427000
"New Hampshire",1972,116435,213724,0,35.26634,64.73366,781699
"New Hampshire",1976,147635,185935,0,44.25908,55.74092,847025
"New Hampshire",1980,108864,221705,0,32.93231,67.0677,920610
"New Hampshire",1984,120395,267051,0,31.07401,68.92599,976879
"New Hampshire",1988,163696,281537,0,36.76637,63.23363,1082583
"New Hampshire",1992,209040,202484,0,50.79655,49.20345,1117784
"New Hampshire",1996,246214,196532,0,55.61066,44.38934,1174719
"New Hampshire",2000,266348,273559,0,49.3322,50.6678,1235786
"New Hampshire",2004,340511,331237,0,50.69029,49.30971,1299500
"New Jersey",1964,1867671,963843,0,65.96015,34.03984,4142000
"New Jersey",1968,1264206,1325467,262187,44.32917,55.67083,4358000
"New Jersey",1972,1102211,1845502,0,37.39207,62.60793,7336538
"New Jersey",1976,1444653,1509688,0,48.89933,51.10067,7344079
"New Jersey",1980,1147364,1546557,0,42.59085,57.40915,7365011
"New Jersey",1984,1261323,1933630,0,39.47861,60.52139,7515486
"New Jersey",1988,1320352,1743192,0,43.09884,56.90116,7712352
"New Jersey",1992,1436206,1356865,0,51.42032,48.57968,7880508
"New Jersey",1996,1652329,1103078,0,59.96679,40.03321,8149596
"New Jersey",2000,1788850,1284173,0,58.21141,41.78859,8414350
"New Jersey",2004,1911430,1670003,0,53.37054,46.62946,8698879
"New Mexico",1964,194017,131838,0,59.5409,40.4591,530000
"New Mexico",1968,130081,169692,25737,39.96221,60.03779,539000
"New Mexico",1972,141084,235606,0,37.45361,62.54639,1077815
"New Mexico",1976,201148,211419,0,48.75523,51.24477,1195162
"New Mexico",1980,167826,250779,0,40.09173,59.90827,1303302
"New Mexico",1984,201769,307101,0,39.6504,60.3496,1416763
"New Mexico",1988,244497,270341,0,47.49009,52.50991,1490356
"New Mexico",1992,261617,212824,0,55.14216,44.85784,1595442
"New Mexico",1996,273495,232751,0,54.02413,45.97587,1752326
"New Mexico",2000,286783,286417,0,50.03193,49.96807,1819046
"New Mexico",2004,370942,376930,0,49.59966,50.40034,1903289
"New York",1964,4913156,2243559,0,68.65099,31.34901,11324000
"New York",1968,3378470,3007932,358864,50.08654,49.91346,11450000
"New York",1972,2951084,4192778,0,41.30936,58.69064,18351767
"New York",1976,3389558,3100791,0,52.22459,47.77541,17974654
"New York",1980,2728372,2893831,0,48.52852,51.47148,17558165
"New York",1984,3119609,3664763,0,45.98228,54.01772,17745710
"New York",1988,3347882,3081871,0,52.0686,47.9314,17941357
"New York",1992,3444450,2346649,0,59.47835,40.52165,18246653
"New York",1996,3756177,1933492,0,66.01749,33.98251,18588460
"New York",2000,4107907,2403374,0,63.08908,36.91092,18976457
"New York",2004,4314280,2962567,0,59.28777,40.71223,19227088
"North Carolina",1964,800139,624844,0,56.15078,43.84922,2723000
"North Carolina",1968,464113,627192,496188,29.23559,70.7644,2921000
"North Carolina",1972,438705,1054889,0,29.37244,70.62756,5296085
"North Carolina",1976,927365,741960,0,55.55329,44.44671,5593463
"North Carolina",1980,875635,915018,0,48.90032,51.09968,5880095
"North Carolina",1984,824287,1346481,0,37.97214,62.02786,6164036
"North Carolina",1988,890167,1237258,0,41.84246,58.15754,6480675
"North Carolina",1992,1114042,1134661,0,49.54153,50.45847,6897214
"North Carolina",1996,1107849,1225938,0,47.47001,52.52999,7500670
"North Carolina",2000,1257692,1631163,0,43.536,56.464,8049313
"North Carolina",2004,1525849,1961166,0,43.75803,56.24197,8541221
"North Dakota",1964,149784,108207,0,58.05784,41.94216,362000
"North Dakota",1968,94769,138669,14244,38.26237,61.73763,354000
"North Dakota",1972,100384,174109,0,36.57069,63.42931,630937
"North Dakota",1976,136078,153470,0,46.9967,53.0033,645293
"North Dakota",1980,79189,193695,0,29.01929,70.98071,652717
"North Dakota",1984,104429,200336,0,34.26542,65.73458,680484
"North Dakota",1988,127739,166559,0,43.40464,56.59536,655324
"North Dakota",1992,99168,136244,0,42.12529,57.87471,638223
"North Dakota",1996,106905,125050,0,46.08868,53.91132,650382
"North Dakota",2000,95284,174852,0,35.2726,64.72739,642200
"North Dakota",2004,111052,196651,0,36.09064,63.90936,634366
"Ohio",1964,2498331,1470865,0,62.943,37.057,5962000
"Ohio",1968,1700586,1791014,467495,42.95391,57.04609,6252000
"Ohio",1972,1558889,2441827,0,38.96525,61.03475,10746920
"Ohio",1976,2011621,2000505,0,50.13853,49.86147,10752731
"Ohio",1980,1752414,2206545,0,44.26451,55.73549,10797603
"Ohio",1984,1825440,2678560,0,40.52931,59.47069,10737767
"Ohio",1988,1939629,2416549,0,44.52594,55.47406,10798630
"Ohio",1992,1984942,1894310,0,51.16816,48.83184,11029431
"Ohio",1996,2148222,1859883,0,53.59695,46.40305,11242827
"Ohio",2000,2186190,2351209,0,48.18157,51.81843,11353140
"Ohio",2004,2741167,2859768,0,48.94124,51.05876,11459011
"Oklahoma",1964,519834,412665,0,55.74633,44.25367,1471000
"Oklahoma",1968,301658,449697,191731,31.98627,68.01373,1540000
"Oklahoma",1972,247147,759025,0,24.5631,75.4369,2657448
"Oklahoma",1976,532442,545708,0,49.38478,50.61522,2823396
"Oklahoma",1980,402026,695570,0,36.62786,63.37214,3025487
"Oklahoma",1984,385080,861530,0,30.89017,69.10983,3285581
"Oklahoma",1988,483423,678367,0,41.61019,58.38981,3167148
"Oklahoma",1992,473066,592929,0,44.37788,55.62212,3220517
"Oklahoma",1996,488105,582315,0,45.59939,54.40061,3340129
"Oklahoma",2000,474276,744337,0,38.91933,61.08067,3450654
"Oklahoma",2004,503966,959792,0,34.4296,65.5704,3523553
"Oregon",1964,501017,282779,0,63.92186,36.07814,1141000
"Oregon",1968,358866,408433,49683,43.92582,56.07418,1231000
"Oregon",1972,392760,486686,0,44.65993,55.34007,2195219
"Oregon",1976,490407,492120,0,49.91283,50.08717,2372155
"Oregon",1980,456890,571044,0,44.44741,55.55259,2633156
"Oregon",1984,536479,685700,0,43.89529,56.10471,2666598
"Oregon",1988,616206,560126,0,52.38368,47.61632,2741316
"Oregon",1992,621314,475757,0,56.63389,43.36611,2991755
"Oregon",1996,649641,538152,0,54.69312,45.30688,3247111
"Oregon",2000,720342,713577,0,50.23589,49.76411,3421399
"Oregon",2004,943163,866831,0,52.10863,47.89137,3594586
"Pennsylvania",1964,3130954,1673657,0,65.16561,34.83439,7100000
"Pennsylvania",1968,2259405,2090017,378582,47.78771,52.21229,7273000
"Pennsylvania",1972,1796951,2714521,0,39.8307,60.1693,11904541
"Pennsylvania",1976,2328677,2205604,0,51.35714,48.64286,11887478
"Pennsylvania",1980,1937540,2261872,0,46.13836,53.86164,11864720
"Pennsylvania",1984,2228131,2584323,0,46.29927,53.70073,11815214
"Pennsylvania",1988,2194944,2300087,0,48.83045,51.16955,11845774
"Pennsylvania",1992,2239164,1791841,0,55.54853,44.45147,12049450
"Pennsylvania",1996,2215819,1801169,0,55.16121,44.83879,12220464
"Pennsylvania",2000,2485967,2281127,0,52.14848,47.85152,12281054
"Pennsylvania",2004,2938095,2793847,0,51.25828,48.74172,12406292
"Rhode Island",1964,315463,74615,0,80.87177,19.12823,545000
"Rhode Island",1968,246518,122359,15678,64.10474,35.89526,573000
"Rhode Island",1972,194645,220383,0,46.89925,53.10075,976365
"Rhode Island",1976,227636,181249,0,55.67238,44.32762,950321
"Rhode Island",1980,198342,154793,0,56.16605,43.83395,947154
"Rhode Island",1984,197106,212080,0,48.17027,51.82973,961898
"Rhode Island",1988,225123,177761,0,55.87787,44.12213,996406
"Rhode Island",1992,213299,131601,0,61.84372,38.15628,1012581
"Rhode Island",1996,233050,104683,0,69.00421,30.99579,1020893
"Rhode Island",2000,249508,130555,0,65.64912,34.35088,1048319
"Rhode Island",2004,259760,169046,0,60.57751,39.42249,1080632
"South Carolina",1964,215700,309048,0,41.10545,58.89455,1333000
"South Carolina",1968,197486,254062,215430,29.60907,70.39093,1427000
"South Carolina",1972,189270,478427,0,28.34669,71.65331,2718404
"South Carolina",1976,450825,346140,0,56.56773,43.43227,2941407
"South Carolina",1980,427560,441207,0,49.21458,50.78542,3120729
"South Carolina",1984,344470,615539,0,35.88195,64.11804,3271923
"South Carolina",1988,370554,606443,0,37.92785,62.07215,3412102
"South Carolina",1992,479514,577507,0,45.36466,54.63534,3620464
"South Carolina",1996,504051,573458,0,46.77929,53.22071,3796200
"South Carolina",2000,566039,786426,0,41.85239,58.14761,4012012
"South Carolina",2004,661699,937974,0,41.36464,58.63536,4198068
"South Dakota",1964,163010,130108,0,55.61242,44.38758,395000
"South Dakota",1968,118023,149841,13400,41.96164,58.03836,384000
"South Dakota",1972,139945,166476,0,45.67083,54.32917,677389
"South Dakota",1976,147068,151505,0,49.25697,50.74303,686843
"South Dakota",1980,103855,198343,0,34.36654,65.63346,690768
"South Dakota",1984,116113,200267,0,36.70049,63.29951,697207
"South Dakota",1988,145560,165415,0,46.80762,53.19238,698144
"South Dakota",1992,124888,136718,0,47.73897,52.26103,712801
"South Dakota",1996,139333,150543,0,48.06641,51.93359,742213
"South Dakota",2000,118804,190700,0,38.38529,61.61471,754844
"South Dakota",2004,149244,232584,0,39.08671,60.91329,770883
"Tennessee",1964,634947,508965,0,55.50663,44.49337,2212000
"Tennessee",1968,351233,472592,424792,28.12976,71.87024,2325000
"Tennessee",1972,357293,813147,0,30.52638,69.47362,4088445
"Tennessee",1976,825879,633969,0,56.57294,43.42706,4329160
"Tennessee",1980,783051,787761,0,49.85008,50.14992,4591023
"Tennessee",1984,711714,990212,0,41.81815,58.18185,4686803
"Tennessee",1988,679794,947233,0,41.78136,58.21864,4822432
"Tennessee",1992,933521,841300,0,52.59804,47.40196,5049742
"Tennessee",1996,909146,863530,0,51.28664,48.71336,5416643
"Tennessee",2000,981720,1061949,0,48.03713,51.96287,5689283
"Tennessee",2004,1036477,1384375,0,42.81456,57.18544,5900962
"Texas",1964,1663185,958566,0,63.43795,36.56205,5889000
"Texas",1968,1266804,1227844,584269,41.14447,58.85553,6327000
"Texas",1972,1154291,2298896,0,33.42683,66.57317,11758760
"Texas",1976,2082319,1953300,0,51.5985,48.4015,12903268
"Texas",1980,1881147,2510705,0,42.83266,57.16734,14225513
"Texas",1984,1949276,3433428,0,36.2137,63.7863,16007171
"Texas",1988,2352748,3036829,0,43.65367,56.34633,16667146
"Texas",1992,2281815,2496071,0,47.75784,52.24216,17759738
"Texas",1996,2459683,2736167,0,47.33938,52.66062,19340342
"Texas",2000,2433746,3799639,0,39.04373,60.95627,20851820
"Texas",2004,2832704,4526917,0,38.48981,61.51019,22490022
"Utah",1964,219628,180682,0,54.86448,45.13552,512000
"Utah",1968,156665,238728,26906,37.09812,62.90188,551000
"Utah",1972,126284,323643,0,28.06767,71.93233,1134601
"Utah",1976,182110,337908,0,35.01994,64.98006,1272365
"Utah",1980,124266,439687,0,22.03481,77.96519,1461037
"Utah",1984,155369,469105,0,24.87998,75.12002,1622339
"Utah",1988,207343,428442,0,32.61213,67.38788,1689374
"Utah",1992,183429,322632,0,36.24642,63.75358,1836799
"Utah",1996,221633,361911,0,37.98051,62.01949,2067976
"Utah",2000,203053,515096,0,28.27449,71.7255,2233169
"Utah",2004,241199,663742,0,26.65356,73.34644,2389039
"Vermont",1964,108127,54942,0,66.30751,33.69249,232000
"Vermont",1968,70255,85142,5104,43.77231,56.22769,252000
"Vermont",1972,68174,117149,0,36.78658,63.21342,463214
"Vermont",1976,81044,102085,0,44.25514,55.74486,485144
"Vermont",1980,81891,94598,0,46.40006,53.59994,511456
"Vermont",1984,95730,135865,0,41.33509,58.66491,526662
"Vermont",1988,115775,124331,0,48.21829,51.78171,549758
"Vermont",1992,133592,88122,0,60.2542,39.7458,572751
"Vermont",1996,137894,80352,0,63.18283,36.81717,593701
"Vermont",2000,149022,119775,0,55.44035,44.55965,608827
"Vermont",2004,184067,121180,0,60.301,39.699,621394
"Virginia",1964,558038,481334,0,53.68992,46.31008,2539000
"Virginia",1968,442387,590319,321833,32.6596,67.3404,2717000
"Virginia",1972,438887,988493,0,30.74773,69.25227,4828131
"Virginia",1976,813896,836554,0,49.31358,50.68642,5132693
"Virginia",1980,752174,989609,0,43.18414,56.81586,5346797
"Virginia",1984,796250,1337078,0,37.32431,62.67569,5643937
"Virginia",1988,859799,1309162,0,39.64105,60.35895,6036907
"Virginia",1992,1038650,1150517,0,47.44499,52.55501,6414307
"Virginia",1996,1091060,1138350,0,48.93941,51.06059,6750884
"Virginia",2000,1217290,1437490,0,45.85276,54.14724,7078515
"Virginia",2004,1454742,1716959,0,45.8663,54.1337,7459827
"Washington",1964,779881,470366,0,62.37815,37.62185,1754000
"Washington",1968,616037,588510,96990,47.3315,52.6685,1975000
"Washington",1972,568334,837135,0,40.43732,59.56268,3446815
"Washington",1976,717323,777732,0,47.97971,52.02029,3690561
"Washington",1980,650193,865244,0,42.90466,57.09534,4132353
"Washington",1984,807352,1051670,0,43.42886,56.57114,4343670
"Washington",1988,933516,903835,0,50.80771,49.19229,4639911
"Washington",1992,993037,731234,0,57.5917,42.4083,5160757
"Washington",1996,1123323,840712,0,57.19465,42.80535,5569753
"Washington",2000,1247652,1108864,0,52.94477,47.05523,5894121
"Washington",2004,1510201,1304894,0,53.64654,46.35346,6203788
"West Virginia",1964,538087,253953,0,67.93684,32.06315,1049000
"West Virginia",1968,374091,307555,72560,49.60064,50.39936,1061000
"West Virginia",1972,277435,484964,0,36.38974,63.61026,1796910
"West Virginia",1976,435914,314760,0,58.06968,41.93032,1877440
"West Virginia",1980,367462,334206,0,52.36978,47.63022,1950186
"West Virginia",1984,328125,405483,0,44.72757,55.27243,1927675
"West Virginia",1988,341016,310065,0,52.37689,47.62311,1830227
"West Virginia",1992,331001,241974,0,57.76884,42.23116,1806451
"West Virginia",1996,327812,233946,0,58.35466,41.64534,1822808
"West Virginia",2000,295497,336475,0,46.75793,53.24207,1808344
"West Virginia",2004,326541,423778,0,43.52029,56.47971,1815354
"Wisconsin",1964,1050424,638495,0,62.19505,37.80495,2434000
"Wisconsin",1968,748804,809997,127835,44.3963,55.6037,2543000
"Wisconsin",1972,810174,989430,0,45.01957,54.98043,4498433
"Wisconsin",1976,1040232,1004987,0,50.86164,49.13836,4584688
"Wisconsin",1980,981584,1088845,0,47.40969,52.59031,4705642
"Wisconsin",1984,995847,1198800,0,45.37618,54.62382,4735588
"Wisconsin",1988,1126794,1047499,0,51.82347,48.17653,4822365
"Wisconsin",1992,1041066,930855,0,52.79451,47.20549,5025398
"Wisconsin",1996,1071971,845029,0,55.9192,44.0808,5229986
"Wisconsin",2000,1242987,1237279,0,50.11507,49.88493,5363675
"Wisconsin",2004,1489504,1478120,0,50.1918,49.8082,5509026
"Wyoming",1964,80718,61998,0,56.55848,43.44152,192000
"Wyoming",1968,45173,70927,11105,35.51197,64.48803,190000
"Wyoming",1972,44358,100464,0,30.62932,69.37067,346863
"Wyoming",1976,62239,92717,0,40.1656,59.8344,395446
"Wyoming",1980,49427,110700,0,30.86737,69.13263,469557
"Wyoming",1984,53370,133241,0,28.5996,71.4004,504891
"Wyoming",1988,67113,106867,0,38.57512,61.42488,465080
"Wyoming",1992,68160,79347,0,46.20798,53.79202,466251
"Wyoming",1996,77934,105388,0,42.51208,57.48792,488167
"Wyoming",2000,60481,147947,0,29.01769,70.98231,493782
"Wyoming",2004,70776,167629,0,29.6873,70.31271,506529
